,tAtm,Prec,rSoil,rRoot,hCritA,hb
0,1,0,0.02644148,0.005506052,1000000,-809
1,2,0,0.026115374,0.005438145,1000000,-811
2,3,0,0.027819962,0.0057931,1000000,-809
3,4,0,0.028776428,0.005992271,1000000,-810
4,5,0,0.0297823,0.006201729,1000000,-810
5,6,0.01,0.03072165,0.006397335,1000000,-811
6,7,0.0118,0.030336738,0.006317182,1000000,-809
7,8,0,0.033447923,0.006965041,1000000,-808
8,9,0,0.031392551,0.00653704,1000000,-808
9,10,0,0.030511453,0.006353564,1000000,-809
10,11,0,0.035339222,0.007358877,1000000,-809
11,12,0,0.034234398,0.007128813,1000000,-808
12,13,0,0.035760497,0.007446601,1000000,-810
13,14,0.1871,0.030688884,0.006390512,1000000,-806
14,15,0,0.026414185,0.005500368,1000000,-808
15,16,0,0.029567585,0.006157018,1000000,-810
16,17,0,0.032379119,0.006742478,1000000,-809
17,18,0,0.032764085,0.006822642,1000000,-806
18,19,0,0.036061685,0.007509319,1000000,-808
19,20,0,0.02803728,0.005838354,1000000,-809
20,21,0,0.037916229,0.007895501,1000000,-807
21,22,0,0.038150013,0.007944183,1000000,-806
22,23,0,0.035034011,0.007295321,1000000,-807
23,24,0,0.026624896,0.005544245,1000000,-806
24,25,0,0.030276161,0.006304568,1000000,-806
25,26,0,0.029428574,0.006128071,1000000,-807
26,27,0,0.032601742,0.006788836,1000000,-808
27,28,0,0.035979817,0.007492271,1000000,-807
28,29,0,0.041780716,0.008700224,1000000,-805
29,30,0,0.047047952,0.009797049,1000000,-805
30,31,0.0361,0.052629996,0.010959428,1000000,-806
31,32,0.2546,0.043154901,0.008986378,1000000,-808
32,33,0.0129,0.040769227,0.008489596,1000000,-806
33,34,0.0142,0.046829586,0.009751577,1000000,-805
34,35,0,0.051318093,0.010686243,1000000,-806
35,36,0,0.05748522,0.011970457,1000000,-806
36,37,0,0.055798476,0.011619217,1000000,-805
37,38,0,0.053649219,0.011171666,1000000,-804
38,39,0,0.057827979,0.012041832,1000000,-804
39,40,0,0.040059853,0.008341879,1000000,-803
40,41,0,0.053701892,0.011182634,1000000,-804
41,42,0,0.051108194,0.010642535,1000000,-805
42,43,0,0.041496598,0.00864106,1000000,-804
43,44,0,0.064906974,0.013515929,1000000,-804
44,45,0,0.060575189,0.012613898,1000000,-805
45,46,0,0.066328955,0.013812036,1000000,-804
46,47,0,0.074697377,0.015554637,1000000,-804
47,48,0,0.077660949,0.016171758,1000000,-804
48,49,0,0.069808456,0.014536591,1000000,-803
49,50,0,0.078312638,0.016307462,1000000,-806
50,51,0,0.083334862,0.017353267,1000000,-804
51,52,0,0.081838252,0.01704162,1000000,-805
52,53,0,0.070676336,0.014717314,1000000,-806
53,54,0,0.087291233,0.018177124,1000000,-804
54,55,0,0.069633586,0.014500177,1000000,-801
55,56,0,0.083328488,0.01735194,1000000,-800
56,57,0,0.087123331,0.018142161,1000000,-801
57,58,0,0.093535263,0.019477352,1000000,-800
58,59,0,0.09120426,0.018991955,1000000,-800
59,60,0,0.099594964,0.020739196,1000000,-804
60,61,0,0.101323092,0.021099053,1000000,-801
61,62,0,0.107268538,0.022337106,1000000,-800
62,63,0,0.105068698,0.021879021,1000000,-801
63,64,0,0.119528515,0.024890067,1000000,-805
64,65,0,0.127458698,0.026541411,1000000,-804
65,66,0.0668,0.138731462,0.0288888,1000000,-803
66,67,0.0001,0.178236726,0.037115194,1000000,-803
67,68,0.0007,0.151022508,0.031448231,1000000,-806
68,69,0.0006,0.164152161,0.034182289,1000000,-806
69,70,0,0.153926112,0.032052864,1000000,-807
70,71,0,0.055145708,0.011483288,1000000,-805
71,72,0,0.053164158,0.011070659,1000000,-805
72,73,0.0055,0.159857858,0.033288063,1000000,-806
73,74,0,0.171682209,0.035750311,1000000,-805
74,75,0.0001,0.091610518,0.019076552,1000000,-811
75,76,0,0.10064897,0.020958677,1000000,-813
76,77,0,0.088195334,0.01836539,1000000,-805
77,78,0,0.101953345,0.021230294,1000000,-807
78,79,0,0.114040153,0.023747196,1000000,-816
79,80,0.0002,0.09737766,0.020277475,1000000,-821
80,81,0,0.151656896,0.031580333,1000000,-822
81,82,0,0.178764408,0.037225076,1000000,-825
82,83,0,0.151239385,0.033318713,1000000,-826
83,84,0.0001,0.063649397,0.01454576,1000000,-821
84,85,0,0.168141246,0.041174666,1000000,-826
85,86,0,0.185293409,0.045062379,1000000,-834
86,87,0.0001,0.206785785,0.056894887,1000000,-837
87,88,0,0.142689361,0.0454666,1000000,-840
88,89,0,0.078870246,0.030395539,1000000,-845
89,90,0,0.144557897,0.066274886,1000000,-842
90,91,0,0.198287626,0.10644787,1000000,-842
91,92,0,0.177974922,0.110211529,1000000,-844
92,93,0,0.183299296,0.129111885,1000000,-840
93,94,0,0.230985481,0.182679394,1000000,-797
94,95,0,0.199551982,0.175102783,1000000,-803
95,96,0,0.124134168,0.119554775,1000000,-806
96,97,0,0.185508678,0.194199818,1000000,-811
97,98,0,0.209011072,0.235763667,1000000,-799
98,99,0,0.196338336,0.236791086,1000000,-790
99,100,0,0.237837765,0.304583519,1000000,-804
100,101,0.2,0.215815561,0.291698703,1000000,-807
101,102,1.1,0.109423096,0.155260371,1000000,-812
102,103,0,0.168986509,0.250527864,1000000,-820
103,104,0,0.102039414,0.157406809,1000000,-843
104,105,0,0.170038864,0.271939104,1000000,-849
105,106,0,0.159453813,0.263531855,1000000,-849
106,107,0,0.140518101,0.239319874,1000000,-858
107,108,0,0.140498782,0.245972514,1000000,-848
108,109,0,0.186108362,0.334190396,1000000,-844
109,110,0,0.209937109,0.38591275,1000000,-846
110,111,0,0.198397993,0.372704069,1000000,-850
111,112,0,0.093512794,0.179252497,1000000,-858
112,113,0,0.197217587,0.385232012,1000000,-854
113,114,0,0.183222471,0.36426637,1000000,-866
114,115,0,0.143291912,0.289644151,1000000,-871
115,116,0,0.122279407,0.251066978,1000000,-868
116,117,0,0.139461708,0.290616575,1000000,-874
117,118,0.14,0.051231389,0.108269721,1000000,-865
118,119,0,0.104869694,0.224614992,1000000,-860
119,120,0,0.10742069,0.233044615,1000000,-865
120,121,0,0.191319923,0.420191309,1000000,-875
121,122,0,0.181179926,0.402653848,1000000,-861
122,123,0,0.209799588,0.471610783,1000000,-863
123,124,0,0.233377776,0.530443654,1000000,-869
124,125,0,0.213373936,0.4902121,1000000,-875
125,126,0,0.190051714,0.441221481,1000000,-885
126,127,0,0.071267519,0.167152719,1000000,-887
127,128,0,0.04572679,0.108327369,1000000,-881
128,129,1.225,0.044658692,0.106841647,1000000,-868
129,130,0,0.099931845,0.24140068,1000000,-854
130,131,0,0.093081251,0.227007464,1000000,-858
131,132,0,0.056916832,0.140124731,1000000,-854
132,133,0,0.172923675,0.429720497,1000000,-851
133,134,0,0.136572145,0.342547221,1000000,-855
134,135,0,0.183466916,0.464428652,1000000,-860
135,136,0,0.19542835,0.499268705,1000000,-864
136,137,0,0.203771706,0.525369155,1000000,-867
137,138,0,0.169169962,0.440160885,1000000,-881
138,139,0,0.179774451,0.472043431,1000000,-883
139,140,0,0.185596917,0.491805127,1000000,-931
140,141,0,0.200742508,0.536829346,1000000,-978
141,142,0,0.186982088,0.504639454,1000000,-959
142,143,0,0.157395594,0.428717058,1000000,-974
143,144,0,0.175072656,0.481292258,1000000,-989
144,145,0,0.129754775,0.360034388,1000000,-1005
145,146,0,0.178686622,0.500452094,1000000,-1005
146,147,0,0.191346647,0.540956935,1000000,-982
147,148,0,0.203327633,0.580273369,1000000,-952
148,149,0,0.159704376,0.460120662,1000000,-967
149,150,0,0.189750646,0.551927679,1000000,-970
150,151,0,0.200133968,0.58774618,1000000,-924
151,152,0,0.176791163,0.524235405,1000000,-922
152,153,0,0.186448365,0.558275059,1000000,-915
153,154,0,0.191644236,0.579477403,1000000,-916
154,155,0,0.105289487,0.321517105,1000000,-969
155,156,0,0.177295444,0.546791828,1000000,-950
156,157,0,0.16834759,0.524400815,1000000,-966
157,158,0,0.154547765,0.486269794,1000000,-941
158,159,0,0.167892171,0.533615547,1000000,-969
159,160,0.00666667,0.145477858,0.467092445,1000000,-1035
160,161,0.2,0.123001625,0.3989772,1000000,-992
161,162,0,0.168287225,0.551495269,1000000,-1009
162,163,0,0.115621675,0.382828291,1000000,-1053
163,164,1,0.153556183,0.513718668,1000000,-1041
164,165,0.045,0.142852237,0.482898397,1000000,-968
165,166,0,0.152365576,0.520453306,1000000,-1041
166,167,0.045,0.137910307,0.476026695,1000000,-978
167,168,0,0.16180907,0.564401794,1000000,-1040
168,169,0,0.170162439,0.599803632,1000000,-1062
169,170,0,0.163674033,0.583030759,1000000,-1018
170,171,0,0.166427642,0.599110913,1000000,-1055
171,172,0,0.157125809,0.571610772,1000000,-1050
172,173,3.83667,0.151265587,0.556111952,1000000,-1040
173,174,0.363333,0.168765813,0.627004781,1000000,-986
174,175,0.0316667,0.179326796,0.67326766,1000000,-960
175,176,0,0.151239553,0.573789711,1000000,-947
176,177,0.088,0.108875762,0.417396302,1000000,-941
177,178,0.09,0.053554335,0.207454923,1000000,-964
178,179,0.146,0.125767009,0.492249928,1000000,-970
179,180,0.00166667,0.131246359,0.519003602,1000000,-949
180,181,0.00166667,0.062212987,0.248541491,1000000,-938
181,182,0,0.142238406,0.574032016,1000000,-954
182,183,0.005,0.129288208,0.527038356,1000000,-985
183,184,1.08667,0.038487047,0.158460339,1000000,-956
184,185,0.0916667,0.129521738,0.538549736,1000000,-935
185,186,1.70167,0.088385387,0.371100102,1000000,-924
186,187,1.40833,0.0739538,0.313505084,1000000,-915
187,188,0.00333333,0.146974761,0.628987574,1000000,-916
188,189,0.00166667,0.150465595,0.649963678,1000000,-910
189,190,0.00333333,0.123301716,0.537534752,1000000,-906
190,191,0.628333,0.027796725,0.122277103,1000000,-906
191,192,0.178333,0.0489876,0.217408154,1000000,-898
192,193,10.755,0.025424518,0.113815167,1000000,-891
193,194,0.085,0.045696553,0.206302112,1000000,-888
194,195,0,0.132234768,0.601934562,1000000,-886
195,196,0,0.132938602,0.610020115,1000000,-883
196,197,1.7775,0.027991349,0.129451717,1000000,-878
197,198,0.0025,0.125727573,0.585871599,1000000,-875
198,199,0,0.084862935,0.398355086,1000000,-873
199,200,0,0.036162219,0.170952625,1000000,-871
200,201,0.0575,0.032699344,0.155636566,1000000,-868
201,202,0,0.106354297,0.509516889,1000000,-867
202,203,2.77,0.074443105,0.358867066,1000000,-863
203,204,0.77,0.080747642,0.39157487,1000000,-859
204,205,0.0025,0.125683629,0.612922307,1000000,-858
205,206,0,0.119577809,0.586247069,1000000,-857
206,207,1.175,0.084693813,0.417294379,1000000,-853
207,208,0,0.11618666,0.575123453,1000000,-859
208,209,4.9875,0.03660776,0.181987268,1000000,-877
209,210,0.00666667,0.108592316,0.541969703,1000000,-882
210,211,0.00333333,0.106561224,0.533733217,1000000,-846
211,212,0,0.110992321,0.557704608,1000000,-844
212,213,0,0.112014684,0.564424493,1000000,-842
213,214,0,0.104052313,0.525571522,1000000,-839
214,215,0.00333333,0.122921087,0.622130707,1000000,-850
215,216,0,0.112001316,0.567774586,1000000,-852
216,217,0,0.120204077,0.61008252,1000000,-838
217,218,0,0.108074024,0.548937528,1000000,-834
218,219,0.00333333,0.057131009,0.290280689,1000000,-833
219,220,2.15667,0.029260952,0.148658136,1000000,-832
220,221,0.806667,0.023584596,0.119753723,1000000,-830
221,222,8.07,0.024493876,0.12424586,1000000,-825
222,223,0,0.050287486,0.25471174,1000000,-823
223,224,0,0.102750732,0.519441657,1000000,-820
224,225,1.94,0.064052885,0.323034645,1000000,-819
225,226,0.005,0.064270987,0.323204482,1000000,-817
226,227,0,0.054729363,0.274300174,1000000,-830
227,228,0,0.118113182,0.589707474,1000000,-822
228,229,0,0.100085331,0.497540808,1000000,-821
229,230,0,0.075881272,0.375403795,1000000,-815
230,231,0.473333,0.039577654,0.194761953,1000000,-814
231,232,0,0.056590642,0.276867264,1000000,-815
232,233,0,0.093032248,0.452288068,1000000,-812
233,234,0.0133333,0.03105514,0.149951374,1000000,-811
234,235,0,0.10076304,0.48298478,1000000,-822
235,236,0,0.086597969,0.411845534,1000000,-823
236,237,0.336667,0.074803352,0.352793818,1000000,-811
237,238,0,0.0909187,0.425015606,1000000,-811
238,239,0.0766667,0.088779017,0.411142285,1000000,-813
239,240,3.87,0.022285328,0.102190257,1000000,-808
240,241,0.176667,0.03741207,0.169781207,1000000,-805
241,242,0.00666667,0.062416265,0.28018332,1000000,-803
242,243,0,0.092612371,0.411017178,1000000,-802
243,244,0,0.105347251,0.461999259,1000000,-832
244,245,0,0.090706169,0.392883318,1000000,-824
245,246,0,0.053293314,0.227871963,1000000,-806
246,247,0,0.093646388,0.395079553,1000000,-802
247,248,0,0.085248729,0.35468442,1000000,-802
248,249,0,0.091384713,0.374778972,1000000,-803
249,250,0,0.10153314,0.410246865,1000000,-806
250,251,0,0.080821815,0.321582001,1000000,-806
251,252,0,0.085592876,0.335210714,1000000,-815
252,253,0,0.094147482,0.362743028,1000000,-808
253,254,0,0.101885447,0.386017442,1000000,-803
254,255,0,0.090870026,0.338388277,1000000,-800
255,256,0,0.085529415,0.312900569,1000000,-828
256,257,0,0.081193694,0.291679609,1000000,-831
257,258,0,0.054557156,0.192364505,1000000,-838
258,259,0,0.102268071,0.353751532,1000000,-841
259,260,0,0.097335949,0.330149187,1000000,-828
260,261,0,0.099139439,0.329573728,1000000,-835
261,262,0,0.098130537,0.31956938,1000000,-842
262,263,0,0.075778721,0.241625116,1000000,-827
263,264,0,0.092888592,0.289841656,1000000,-816
264,265,0,0.100067477,0.305388501,1000000,-808
265,266,0,0.090838989,0.270978763,1000000,-808
266,267,0,0.079565303,0.231852474,1000000,-803
267,268,0,0.095585728,0.271895845,1000000,-801
268,269,0,0.100395273,0.278553819,1000000,-829
269,270,0,0.105142794,0.284306987,1000000,-839
270,271,0,0.105800823,0.278539918,1000000,-825
271,272,0,0.099489883,0.254734825,1000000,-810
272,273,0,0.112186633,0.279005769,1000000,-805
273,274,8.86,0.029189059,0.070408456,1000000,-801
274,275,1.89333,0.040108118,0.093679375,1000000,-798
275,276,9.71,0.031668677,0.071484575,1000000,-784
276,277,0,0.051575813,0.112263065,1000000,-783
277,278,0,0.068288308,0.142969046,1000000,-777
278,279,0,0.043999603,0.088346747,1000000,-771
279,280,0,0.08781882,0.168558342,1000000,-768
280,281,0,0.082854446,0.151460813,1000000,-765
281,282,0,0.077611648,0.134573394,1000000,-767
282,283,0,0.086062084,0.140912574,1000000,-764
283,284,0,0.096265195,0.148121661,1000000,-763
284,285,0,0.103299669,0.148607439,1000000,-762
285,286,0,0.104453334,0.139749683,1000000,-761
286,287,0,0.100145485,0.123937922,1000000,-772
287,288,0,0.085415553,0.097259634,1000000,-772
288,289,0,0.099917228,0.104141333,1000000,-757
289,290,0,0.060956685,0.057877313,1000000,-758
290,291,0,0.090100354,0.077598591,1000000,-753
291,292,0,0.096234038,0.074905221,1000000,-764
292,293,0,0.099399363,0.069722184,1000000,-761
293,294,0,0.108225383,0.068272041,1000000,-762
294,295,0,0.097100862,0.055028908,1000000,-765
295,296,0,0.095733131,0.048734532,1000000,-761
296,297,0,0.099435146,0.04551016,1000000,-758
297,298,0,0.09474613,0.03906128,1000000,-757
298,299,0.01,0.096009567,0.035757597,1000000,-755
299,300,0,0.072762656,0.023467001,1000000,-756
300,301,0,0.080614383,0.023197468,1000000,-756
301,302,0,0.089013953,0.023622951,1000000,-755
302,303,0,0.066803177,0.016407348,1000000,-751
303,304,0,0.072571318,0.016570355,1000000,-751
304,305,0,0.071831363,0.014957832,1000000,-749
305,306,0,0.083280077,0.017341859,1000000,-747
306,307,0,0.075497981,0.015721351,1000000,-750
307,308,0,0.0514804,0.010720041,1000000,-752
308,309,0,0.062293917,0.012971798,1000000,-746
309,310,0,0.073697789,0.015346488,1000000,-744
310,311,0,0.064893406,0.013513104,1000000,-744
311,312,0,0.069572802,0.014487519,1000000,-742
312,313,0,0.08653156,0.018018933,1000000,-742
313,314,0,0.063809339,0.013287362,1000000,-743
314,315,0,0.062792456,0.013075612,1000000,-742
315,316,0.2,0.057575232,0.011989201,1000000,-743
316,317,0,0.04282579,0.008917845,1000000,-744
317,318,0,0.053736232,0.011189785,1000000,-738
318,319,0,0.060008051,0.0124958,1000000,-739
319,320,0,0.063835714,0.013292855,1000000,-740
320,321,0,0.058572667,0.012196902,1000000,-742
321,322,0,0.061688667,0.012845763,1000000,-741
322,323,0,0.051745798,0.010775306,1000000,-740
323,324,0,0.056483283,0.011761818,1000000,-740
324,325,0.326667,0.057286072,0.011928987,1000000,-740
325,326,0.00666667,0.042481026,0.008846053,1000000,-737
326,327,0.01,0.045932161,0.009564701,1000000,-735
327,328,0,0.061803239,0.012869621,1000000,-736
328,329,0,0.057744957,0.012024543,1000000,-734
329,330,0,0.035491124,0.007390508,1000000,-732
330,331,0.423333,0.042828186,0.008918344,1000000,-727
331,332,0.323333,0.037315582,0.007770425,1000000,-730
332,333,0,0.031620722,0.006584553,1000000,-734
333,334,0,0.025946086,0.005402893,1000000,-729
334,335,0,0.025479487,0.005305731,1000000,-724
335,336,0,0.027723713,0.005773058,1000000,-721
336,337,0,0.027783857,0.005785582,1000000,-724
337,338,0,0.027914454,0.005812777,1000000,-724
338,339,0,0.029157822,0.00607169,1000000,-720
339,340,0,0.031112154,0.006478651,1000000,-720
340,341,0,0.035729569,0.007440161,1000000,-720
341,342,0,0.033444833,0.006964398,1000000,-721
342,343,0,0.032518513,0.006771505,1000000,-723
343,344,0,0.030280746,0.006305523,1000000,-732
344,345,0,0.024709717,0.005145437,1000000,-729
345,346,0,0.021814315,0.004542512,1000000,-725
346,347,0,0.021573542,0.004492375,1000000,-731
347,348,0,0.022258807,0.004635071,1000000,-721
348,349,0,0.021774523,0.004534226,1000000,-720
349,350,0,0.020891243,0.004350296,1000000,-721
350,351,0,0.021117234,0.004397355,1000000,-719
351,352,0,0.020072046,0.00417971,1000000,-719
352,353,0,0.022277947,0.004639057,1000000,-714
353,354,0,0.0238939,0.004975556,1000000,-712
354,355,0,0.026215035,0.005458898,1000000,-712
355,356,0,0.019306812,0.004020362,1000000,-714
356,357,0,0.018193297,0.003788488,1000000,-713
357,358,0,0.019577496,0.004076727,1000000,-713
358,359,0,0.020827203,0.004336961,1000000,-711
359,360,0,0.023407096,0.004874186,1000000,-711
360,361,0,0.026099473,0.005434834,1000000,-711
361,362,0,0.025246129,0.005257137,1000000,-718
362,363,0,0.023551485,0.004904253,1000000,-718
363,364,0,0.023685304,0.004932118,1000000,-717
364,365,0,0.02714769,0.00565311,1000000,-708
365,366,0,0.027389952,0.005506052,1000000,-708.9
366,367,0,0.027052148,0.005438145,1000000,-708.2
367,368,0,0.02881788,0.0057931,1000000,-706
368,369,0,0.029808656,0.005992271,1000000,-706.3
369,370,0,0.030850609,0.006201729,1000000,-705.1
370,371,0,0.031823654,0.006397335,1000000,-705.2
371,372,0,0.031424935,0.006317182,1000000,-705.1
372,373,0,0.03464772,0.006965041,1000000,-706.5
373,374,0,0.03251862,0.00653704,1000000,-709.6
374,375,0,0.031605917,0.006353564,1000000,-705.7
375,376,0,0.036606861,0.007358877,1000000,-703.2
376,377,0,0.035462406,0.007128813,1000000,-702.7
377,378,0.04,0.037043248,0.007446601,1000000,-705.3
378,379,0,0.031789713,0.006390512,1000000,-708.3
379,380,0.1,0.027361677,0.005500368,1000000,-704.5
380,381,0,0.030628192,0.006157018,1000000,-702
381,382,0,0.033540577,0.006742478,1000000,-701.6
382,383,0,0.033939352,0.006822642,1000000,-700.1
383,384,0,0.03735524,0.007509319,1000000,-700.9
384,385,0,0.029042994,0.005838354,1000000,-703.7
385,386,0,0.039276306,0.007895501,1000000,-699
386,387,0,0.039518477,0.007944183,1000000,-700.3
387,388,0,0.036290701,0.007295321,1000000,-703.5
388,389,0.03,0.027579946,0.005544245,1000000,-703
389,390,0,0.031362185,0.006304568,1000000,-695.4
390,391,0,0.030484195,0.006128071,1000000,-699.1
391,392,0,0.033771186,0.006788836,1000000,-699.2
392,393,0,0.037270435,0.007492271,1000000,-695.5
393,394,0,0.043279415,0.008700224,1000000,-695.4
394,395,0,0.04873559,0.009797049,1000000,-694.6
395,396,0,0.054517866,0.010959428,1000000,-694.7
396,397,0,0.044702893,0.008986378,1000000,-700.3
397,398,0,0.042231643,0.008489596,1000000,-696.6
398,399,0,0.048509391,0.009751577,1000000,-693.5
399,400,0,0.053158903,0.010686243,1000000,-694.2
400,401,0,0.059547249,0.011970457,1000000,-692.2
401,402,0,0.0578,0.011619217,1000000,-693.9
402,403,0,0.055573648,0.011171666,1000000,-695.3
403,404,0,0.059902303,0.012041832,1000000,-698.5
404,405,0.04,0.041496824,0.008341879,1000000,-694.4
405,406,0,0.055628211,0.011182634,1000000,-692.3
406,407,0,0.052941476,0.010642535,1000000,-693.3
407,408,0.74,0.042985106,0.00864106,1000000,-694.2
408,409,0,0.067235226,0.013515929,1000000,-694.7
409,410,0,0.062748057,0.012613898,1000000,-693.3
410,411,0,0.068708214,0.013812036,1000000,-697.2
411,412,0,0.077376816,0.015554637,1000000,-694.8
412,413,0,0.080446694,0.016171758,1000000,-695.3
413,414,0,0.072312527,0.014536591,1000000,-695
414,415,0,0.081121759,0.016307462,1000000,-696
415,416,0,0.086324133,0.017353267,1000000,-696.5
416,417,0,0.084773839,0.01704162,1000000,-695.4
417,418,0,0.073211539,0.014717314,1000000,-690.8
418,419,0,0.090422422,0.018177124,1000000,-691
419,420,0,0.072131384,0.014500177,1000000,-694.9
420,421,0,0.08631753,0.01735194,1000000,-696.8
421,422,0,0.090248497,0.018142161,1000000,-694.7
422,423,0,0.096890429,0.019477352,1000000,-693.6
423,424,0,0.094475812,0.018991955,1000000,-695.6
424,425,0,0.103167495,0.020739196,1000000,-698.8
425,426,0,0.104957612,0.021099053,1000000,-696.5
426,427,0,0.111116324,0.022337106,1000000,-694.8
427,428,0,0.108837574,0.021879021,1000000,-697.3
428,429,0,0.123816074,0.024890067,1000000,-696.5
429,430,0,0.132030718,0.026541411,1000000,-694.4
430,431,0,0.143992036,0.02894593,1000000,-696.5
431,432,0,0.132463744,0.02662846,1000000,-706.3
432,433,0,0.159626525,0.032088845,1000000,-708.7
433,434,0,0.163470047,0.032861488,1000000,-712.7
434,435,0,0.092791661,0.018653399,1000000,-709.5
435,436,0,0.117359352,0.023592107,1000000,-710.6
436,437,0,0.134352465,0.02700814,1000000,-705
437,438,0,0.1537981,0.030917189,1000000,-707.8
438,439,0,0.113199535,0.022755882,1000000,-721.8
439,440,0.04,0.073543327,0.014784012,1000000,-713.6
440,441,0.02,0.08668025,0.017424856,1000000,-720
441,442,0,0.13591241,0.027321727,1000000,-720.6
442,443,0,0.143556577,0.028858392,1000000,-718.3
443,444,0,0.14645974,0.029441999,1000000,-727.1
444,445,0,0.160935805,0.032352043,1000000,-723.2
445,446,0,0.136493625,0.027521231,1000000,-726.8
446,447,0,0.126248852,0.025621952,1000000,-743
447,448,0,0.124191328,0.025559553,1000000,-742.3
448,449,0,0.111308411,0.023516469,1000000,-730.2
449,450,0,0.173230194,0.038202862,1000000,-729.7
450,451,0,0.176020231,0.041361834,1000000,-730.3
451,452,0,0.197010476,0.050483951,1000000,-727.2
452,453,0,0.1922987,0.055029697,1000000,-740.7
453,454,0,0.197839174,0.064623301,1000000,-747.5
454,455,0,0.247554885,0.094035318,1000000,-744.6
455,456,0,0.22014468,0.098617107,1000000,-730.5
456,457,0,0.243522081,0.129745399,1000000,-727
457,458,0.1,0.092895374,0.059017598,1000000,-730.7
458,459,1.22,0.053783509,0.040618204,1000000,-718.9
459,460,0.01,0.088234307,0.078551586,1000000,-719.3
460,461,0.49,0.137173918,0.14215402,1000000,-717.3
461,462,0,0.222973745,0.264861636,1000000,-717.1
462,463,0,0.235619895,0.315525615,1000000,-714
463,464,0,0.223560157,0.332013081,1000000,-718.5
464,465,0,0.237404865,0.385157654,1000000,-727.5
465,466,0,0.131948113,0.230793842,1000000,-736.7
466,467,0,0.188153459,0.35086261,1000000,-742.5
467,468,0.01,0.130771347,0.257544655,1000000,-738.4
468,469,0,0.161332271,0.332921323,1000000,-735.1
469,470,0,0.119153291,0.255904385,1000000,-727
470,471,0,0.165123905,0.36691598,1000000,-732.1
471,472,0,0.127954006,0.292686914,1000000,-743.7
472,473,0,0.154828282,0.36305069,1000000,-745
473,474,0,0.155357905,0.372184213,1000000,-741
474,475,0,0.043360963,0.105854863,1000000,-739.4
475,476,0,0.05795395,0.143907592,1000000,-743.1
476,477,0.58,0.056890887,0.143489812,1000000,-732.9
477,478,1.51,0.038460147,0.098408581,1000000,-726.3
478,479,0.56,0.046844785,0.121443987,1000000,-728.2
479,480,0,0.126368537,0.331502371,1000000,-730
480,481,0,0.139420505,0.369613603,1000000,-727.4
481,482,0,0.144712445,0.387252826,1000000,-732.4
482,483,0.42,0.133644199,0.360665191,1000000,-733.2
483,484,0,0.152257925,0.414144404,1000000,-733.3
484,485,0,0.147255435,0.403580437,1000000,-735.4
485,486,0,0.150224488,0.414802031,1000000,-744.9
486,487,0,0.120843357,0.336181753,1000000,-752.7
487,488,0,0.064333538,0.18033344,1000000,-738.7
488,489,0.62,0.045018267,0.127159771,1000000,-726
489,490,0.17,0.048462037,0.137949204,1000000,-721.7
490,491,0.01,0.103558625,0.297094423,1000000,-737.4
491,492,0,0.150858337,0.436216356,1000000,-740.5
492,493,0,0.164633351,0.479852852,1000000,-746.9
493,494,0,0.152176528,0.44712424,1000000,-751.5
494,495,0,0.114017011,0.337732203,1000000,-744
495,496,0,0.134173057,0.400702142,1000000,-747
496,497,0,0.159813795,0.481232078,1000000,-750
497,498,0,0.170464765,0.517593007,1000000,-752.2
498,499,0,0.162118683,0.496396651,1000000,-762.1
499,500,0,0.17540148,0.541624733,1000000,-769.9
500,501,0,0.175016759,0.545055396,1000000,-760.3
501,502,0.18,0.160550274,0.504304576,1000000,-770.5
502,503,0.01,0.083032227,0.263071122,1000000,-771.5
503,504,0,0.092180357,0.294599432,1000000,-758.5
504,505,0,0.049201356,0.158620227,1000000,-764.5
505,506,0.05,0.104534533,0.339976318,1000000,-756.2
506,507,0,0.148558086,0.487427897,1000000,-778.1
507,508,0,0.147927688,0.489671589,1000000,-789.1
508,509,0,0.14238576,0.47552982,1000000,-787.6
509,510,0,0.064582252,0.217616962,1000000,-770.5
510,511,0.22,0.06773038,0.230272551,1000000,-771
511,512,1.13,0.03732538,0.128041513,1000000,-751.9
512,513,2.27,0.034434485,0.119188641,1000000,-742.9
513,514,0,0.075159246,0.262496291,1000000,-741.7
514,515,0.41,0.063748847,0.224654551,1000000,-728.3
515,516,0,0.12716162,0.452169815,1000000,-725.2
516,517,0,0.152875974,0.548511405,1000000,-725
517,518,0,0.109804953,0.397525767,1000000,-734.3
518,519,0,0.127759601,0.46668897,1000000,-735.2
519,520,0,0.095650805,0.352536926,1000000,-735.9
520,521,0,0.130750367,0.486216681,1000000,-748.4
521,522,0,0.15449515,0.579641221,1000000,-763.6
522,523,0,0.110108338,0.416779295,1000000,-747
523,524,0,0.145756194,0.556590772,1000000,-751.6
524,525,0,0.139591547,0.537737272,1000000,-752.2
525,526,0,0.13431405,0.521928388,1000000,-797.9
526,527,0,0.129054113,0.505840485,1000000,-829.9
527,528,0,0.074517162,0.294592362,1000000,-767.1
528,529,0,0.12256923,0.488695791,1000000,-771.9
529,530,0,0.132814057,0.534021806,1000000,-772
530,531,0,0.140850591,0.571076885,1000000,-791.7
531,532,0,0.115968291,0.474085377,1000000,-825.6
532,533,0,0.078844069,0.324956657,1000000,-824
533,534,0,0.112935056,0.469222959,1000000,-820.5
534,535,0.63,0.045672854,0.19127355,1000000,-794
535,536,0,0.129623354,0.547111407,1000000,-788.9
536,537,0,0.134254788,0.571037642,1000000,-874.5
537,538,0,0.138768229,0.594718376,1000000,-835.7
538,539,0,0.132527123,0.572207558,1000000,-835.8
539,540,0,0.127358541,0.553914558,1000000,-850.1
540,541,0,0.117683034,0.515501646,1000000,-858.3
541,542,0,0.141835164,0.625654332,1000000,-851.4
542,543,0.59,0.130709328,0.580525836,1000000,-830.3
543,544,0.24,0.049661569,0.222037934,1000000,-817.6
544,545,0,0.122776633,0.552508335,1000000,-805.8
545,546,0,0.133210172,0.603251978,1000000,-816.7
546,547,0,0.132102174,0.601906108,1000000,-824.5
547,548,0,0.106853421,0.48975752,1000000,-822.4
548,549,0,0.07743747,0.356969848,1000000,-810.9
549,550,2.54,0.072150075,0.334438309,1000000,-800.5
550,551,0,0.128888372,0.600620764,1000000,-797.5
551,552,0,0.107485614,0.503442923,1000000,-796.7
552,553,0,0.130392255,0.613717248,1000000,-795.1
553,554,0,0.130937354,0.619152354,1000000,-797.4
554,555,0,0.135219516,0.642227735,1000000,-791.2
555,556,0,0.083754842,0.399457992,1000000,-828.9
556,557,0,0.082898446,0.39692865,1000000,-873.6
557,558,5.46,0.043377897,0.208463661,1000000,-819.1
558,559,0.01,0.041758325,0.201367468,1000000,-795.6
559,560,0.01,0.124220534,0.600911138,1000000,-785.1
560,561,0,0.116015172,0.56284165,1000000,-781.7
561,562,0,0.126849361,0.617015417,1000000,-787.8
562,563,0,0.082043285,0.400006076,1000000,-782.3
563,564,0,0.095293488,0.465564615,1000000,-778.9
564,565,0,0.039418907,0.192925573,1000000,-781.5
565,566,0,0.038880931,0.19057398,1000000,-779.2
566,567,6.95,0.017469556,0.085727826,1000000,-774.9
567,568,0.07,0.031199691,0.153240146,1000000,-769.7
568,569,0,0.031149983,0.153084022,1000000,-768
569,570,0,0.035516313,0.17458839,1000000,-766.2
570,571,0,0.037483976,0.184252119,1000000,-765
571,572,0,0.103847546,0.510275441,1000000,-763.3
572,573,0,0.113030624,0.555017601,1000000,-761.4
573,574,0.6,0.084918297,0.416555797,1000000,-759.6
574,575,3.67,0.044218545,0.216618347,1000000,-756.6
575,576,2.52,0.060318118,0.294994314,1000000,-753
576,577,0.12,0.067713796,0.330501144,1000000,-752.7
577,578,0,0.100233791,0.488082832,1000000,-752.2
578,579,0,0.116929539,0.567857849,1000000,-749.8
579,580,0,0.115955013,0.561425718,1000000,-748.2
580,581,0,0.125248729,0.604385207,1000000,-748.1
581,582,0.24,0.073705106,0.354344113,1000000,-748
582,583,0,0.119898881,0.574088055,1000000,-747.1
583,584,0,0.102156305,0.48698112,1000000,-747.6
584,585,0,0.115372684,0.547369605,1000000,-751.1
585,586,0,0.099668968,0.470451632,1000000,-754.7
586,587,0,0.115419234,0.541822034,1000000,-758.3
587,588,0,0.111259296,0.519258938,1000000,-753.9
588,589,0.21,0.049413959,0.229198606,1000000,-752.7
589,590,0,0.112207788,0.517065118,1000000,-752.1
590,591,0,0.109873818,0.502830434,1000000,-763.1
591,592,0,0.111409625,0.506174595,1000000,-781.3
592,593,0,0.11166786,0.503502267,1000000,-803.6
593,594,0,0.111598287,0.499196928,1000000,-837.9
594,595,3.05,0.100458088,0.445642172,1000000,-816.7
595,596,3.47,0.064064004,0.281740156,1000000,-797.7
596,597,0.22,0.061721703,0.269000271,1000000,-784.3
597,598,0.35,0.147921837,0.638667392,1000000,-777.3
598,599,0,0.114454404,0.489385227,1000000,-772.9
599,600,0,0.121648905,0.514934009,1000000,-769.2
600,601,0.0404753,0.108240073,0.453426173,1000000,-766.4
601,602,0,0.111143488,0.460605245,1000000,-762.7
602,603,5.36,0.024084298,0.098709193,1000000,-758.9
603,604,3.03,0.031371192,0.127112164,1000000,-755
604,605,0.01,0.102273112,0.409548366,1000000,-752.3
605,606,0,0.10645525,0.421167745,1000000,-751.6
606,607,0,0.104367235,0.407807107,1000000,-750.2
607,608,0,0.108155753,0.417256242,1000000,-747.4
608,609,0,0.101062209,0.384827804,1000000,-747.1
609,610,0,0.077897617,0.292677941,1000000,-745.5
610,611,0,0.096343645,0.357061273,1000000,-744.6
611,612,0,0.105733852,0.386416197,1000000,-744.8
612,613,0,0.107991153,0.389063823,1000000,-745.6
613,614,0,0.098471327,0.349627672,1000000,-744.7
614,615,0,0.109260781,0.382206168,1000000,-744
615,616,0,0.099034647,0.341219695,1000000,-744.9
616,617,0.02,0.095244435,0.323130752,1000000,-746.6
617,618,0.2,0.048152228,0.16081516,1000000,-745.6
618,619,0.18,0.076999621,0.253077247,1000000,-743
619,620,0.39,0.062422857,0.201857873,1000000,-740.1
620,621,0,0.108829488,0.346155427,1000000,-741.2
621,622,0,0.111632056,0.349157971,1000000,-748.4
622,623,0,0.105133092,0.323271535,1000000,-742.4
623,624,0,0.105145948,0.317762037,1000000,-741.5
624,625,0,0.103661411,0.307817782,1000000,-743
625,626,0,0.113475166,0.331000384,1000000,-740.5
626,627,4.18,0.03758976,0.10767861,1000000,-741.3
627,628,0.02,0.100640525,0.283036148,1000000,-738.8
628,629,0,0.112731743,0.311168316,1000000,-736.9
629,630,0,0.109566064,0.296734752,1000000,-735.1
630,631,0,0.066207522,0.175871543,1000000,-734.6
631,632,0.46,0.035696123,0.092970368,1000000,-731.7
632,633,0.02,0.057360676,0.146418386,1000000,-729.5
633,634,0.03,0.051714689,0.129316775,1000000,-728.5
634,635,0,0.044735567,0.109529117,1000000,-727.8
635,636,0.01,0.08552516,0.204904337,1000000,-728.2
636,637,0,0.107010984,0.250711139,1000000,-725.3
637,638,0,0.095801165,0.219314187,1000000,-726.1
638,639,0,0.097976679,0.218967239,1000000,-726.8
639,640,0,0.077654946,0.16925213,1000000,-735
640,641,0,0.084644297,0.179700008,1000000,-728
641,642,0,0.062295038,0.128642523,1000000,-727.9
642,643,0,0.062930197,0.126204391,1000000,-728.6
643,644,0,0.052412012,0.101890159,1000000,-728.2
644,645,0,0.073215998,0.13768423,1000000,-742.4
645,646,0,0.081993507,0.14880129,1000000,-739.6
646,647,0,0.077474859,0.135327393,1000000,-735.9
647,648,0,0.077736176,0.130307522,1000000,-732.7
648,649,0,0.079710382,0.127815814,1000000,-731.4
649,650,0,0.080039294,0.122344818,1000000,-733.6
650,651,0,0.062622461,0.090911122,1000000,-729.4
651,652,0,0.061418867,0.084354901,1000000,-729.2
652,653,0,0.07930196,0.102632702,1000000,-732.7
653,654,0,0.077019619,0.09355322,1000000,-734.6
654,655,0,0.077428567,0.087924116,1000000,-732.4
655,656,0,0.080382699,0.085013719,1000000,-733.2
656,657,0,0.068888653,0.067621747,1000000,-732.3
657,658,0,0.050119258,0.045521416,1000000,-736.9
658,659,0,0.067080732,0.056227806,1000000,-736.7
659,660,0,0.074774012,0.057724826,1000000,-739
660,661,0,0.075948008,0.053923822,1000000,-745
661,662,0,0.082083044,0.053562975,1000000,-740.7
662,663,0,0.081997677,0.04917808,1000000,-737.2
663,664,0,0.073336784,0.040472615,1000000,-735
664,665,0,0.071376159,0.036339805,1000000,-734.1
665,666,0,0.081226375,0.03831225,1000000,-730.5
666,667,0,0.079392238,0.034899036,1000000,-729.2
667,668,0,0.073206906,0.03022427,1000000,-729.4
668,669,0,0.078392434,0.030649089,1000000,-740.3
669,670,0,0.084800688,0.031643668,1000000,-738.1
670,671,0,0.080271087,0.02878036,1000000,-730.2
671,672,0,0.068254191,0.023628541,1000000,-733
672,673,0,0.058153921,0.019464264,1000000,-729.5
673,674,0.43,0.066199918,0.02138788,1000000,-723.7
674,675,0.01,0.042587603,0.013221267,1000000,-725.7
675,676,0.07,0.059761321,0.017705203,1000000,-723.3
676,677,0.01,0.064853058,0.018177544,1000000,-721.1
677,678,0,0.049576329,0.013065542,1000000,-725
678,679,0,0.042783016,0.010576863,1000000,-725.7
679,680,0.01,0.038710586,0.009004895,1000000,-723.1
680,681,0.28,0.037902271,0.008363957,1000000,-722
681,682,0.46,0.042900612,0.009096261,1000000,-719.2
682,683,2.83,0.045094557,0.009307201,1000000,-716.5
683,684,0.01,0.048737213,0.009903853,1000000,-716.8
684,685,0,0.044602997,0.008995889,1000000,-716.2
685,686,0,0.039473298,0.007940333,1000000,-715.7
686,687,0,0.044314167,0.008908234,1000000,-713
687,688,0,0.046398608,0.009327258,1000000,-713
688,689,0,0.049587614,0.009968326,1000000,-712.4
689,690,0,0.05660003,0.011377994,1000000,-709.1
690,691,0,0.051264049,0.010305331,1000000,-708.7
691,692,0,0.032866028,0.006606878,1000000,-713.5
692,693,0,0.026875392,0.005402613,1000000,-712.4
693,694,0.02,0.03260247,0.006553896,1000000,-707.2
694,695,0,0.035716816,0.007179956,1000000,-703.6
695,696,0,0.039139655,0.00786803,1000000,-703.6
696,697,0,0.030869364,0.006205499,1000000,-704.1
697,698,0,0.026487767,0.005324691,1000000,-706.6
698,699,0,0.024973494,0.005020285,1000000,-703.8
699,700,0,0.025751396,0.005176662,1000000,-700.5
700,701,0,0.02581999,0.005190451,1000000,-700.1
701,702,0,0.029553687,0.005941016,1000000,-698.6
702,703,0,0.032489037,0.006531093,1000000,-694.9
703,704,0,0.036801011,0.007397905,1000000,-695
704,705,0,0.03010527,0.006051897,1000000,-696
705,706,0,0.034192763,0.006873584,1000000,-691.1
706,707,0,0.040832724,0.008208379,1000000,-692.7
707,708,0,0.034799968,0.006995647,1000000,-696.6
708,709,0,0.029781967,0.005986906,1000000,-697.2
709,710,0.4,0.028429975,0.005715122,1000000,-694.3
710,711,0.1,0.02699845,0.00542735,1000000,-692.3
711,712,0,0.028190326,0.005666947,1000000,-690.9
712,713,0.19,0.029011964,0.005832116,1000000,-689.3
713,714,0,0.023576741,0.004739503,1000000,-691.9
714,715,0.8,0.016783641,0.003373923,1000000,-692.3
715,716,0.25,0.017276792,0.003473059,1000000,-689.6
716,717,0.27,0.023405152,0.004705009,1000000,-687.1
717,718,0.04,0.018033575,0.003625191,1000000,-688.8
718,719,0.13,0.014738886,0.002962877,1000000,-688.6
719,720,0.03,0.014081424,0.002830711,1000000,-688.5
720,721,0.2,0.016652947,0.003347651,1000000,-686.3
721,722,0.16,0.017078629,0.003433223,1000000,-684.8
722,723,0.01,0.018600578,0.003739172,1000000,-683.3
723,724,0,0.023181819,0.004660114,1000000,-681.7
724,725,0,0.025629407,0.005152139,1000000,-682.4
725,726,0,0.024429977,0.004911024,1000000,-682.6
726,727,0,0.023416046,0.004707199,1000000,-681.3
727,728,0.05,0.026999393,0.00542754,1000000,-678.6
728,729,0,0.030690466,0.006169536,1000000,-677.5
729,730,0,0.027152208,0.005458259,1000000,-682.7
